name,phone,email
Антон,+79101000000,alexandr.ivanov001@yandex.ru
Денис,+79111007391,dmitry.sokolov002@ya.ru
Алекса,+79121014782,maxim.lebedev003@mail.ru
Светлана,+79131022173,ivan.orlov004@bk.ru
Алексей,+79141029564,artem.yakovlev005@list.ru
Никита,+79151036955,mikhail.alexandrov006@inbox.ru
Всеволод,+79161044346,nikita.sidorov007@rambler.ru
Святослав,+79171051737,egor.novikov008@lenta.ru
Анна,+79181059128,daniil.egorov009@autorambler.ru
Алена,+79191066519,kirill.makarov010@ro.ru
Анастасия,+79201073910,andrey.romanov011@yandex.ru
Константин,+79211081301,sergey.korolev012@ya.ru
Владимир,+79221088692,vladimir.kuznetsov013@mail.ru
Павел,+79231096083,pavel.morozov014@bk.ru
Светлана,+79241103474,roman.kozlov015@list.ru
Илья,+79251110865,ilya.zaitsev016@inbox.ru
Алексей,+79261118256,alexey.sergeev017@rambler.ru
Глеб,+79271125647,gleb.kiselev018@lenta.ru
Тимофей,+79281133038,timofey.vasiliev019@autorambler.ru
Матвей,+79291140429,matvey.alekseev020@ro.ru
Анна,+79301147820,anna.nikolaev021@yandex.ru
Мария,+79311155211,maria.borisov022@ya.ru
Екатерина,+79321162602,ekaterina.frolov023@mail.ru
Дарья,+79331169993,daria.petrov024@bk.ru
Анастасия,+79341177384,anastasia.mikhailov025@list.ru
Полина,+79351184775,polina.semenov026@inbox.ru
София,+79361192166,sofia.andreev027@rambler.ru
Алина,+79371199557,alina.grigoriev028@lenta.ru
Виктория,+79381206948,victoria.dmitriev029@autorambler.ru
Елизавета,+79391214339,elizaveta.smirnov030@ro.ru
Ксения,+79401221730,ksenia.fedorov031@yandex.ru
Валерия,+79411229121,valeria.pavlov032@ya.ru
Юлия,+79421236512,julia.zakharov033@mail.ru
Вероника,+79431243903,veronika.vorobiev034@bk.ru
Арина,+79441251294,arina.gusev035@list.ru
Елена,+79451258685,elena.popov036@inbox.ru
Ольга,+79461266076,olga.volkov037@rambler.ru
Татьяна,+79471273467,tatiana.stepanov038@lenta.ru
Наташа,+79481280858,natalia.soloviev039@autorambler.ru
Ира,+79491288249,irina.kuzmin040@ro.ru
Саша,+79501295640,alexandr.ivanov041@yandex.ru
Дмитрий,+79511303031,dmitry.sokolov042@ya.ru
Максим,+79521310422,maxim.lebedev043@mail.ru
Иван,+79531317813,ivan.orlov044@bk.ru
Артем,+79541325204,artem.yakovlev045@list.ru
Михаил,+79551332595,mikhail.alexandrov046@inbox.ru
Никита,+79561339986,nikita.sidorov047@rambler.ru
Егор,+79571347377,egor.novikov048@lenta.ru
Данил,+79581354768,daniil.egorov049@autorambler.ru
Кирилл,+79591362159,kirill.makarov050@ro.ru
АндрейІ,+79601369550,andrey.romanov051@yandex.ru
Сергей,+79611376941,sergey.korolev052@ya.ru
Вова,+79621384332,vladimir.kuznetsov053@mail.ru
Паша,+79631391723,pavel.morozov054@bk.ru
Рома,+79641399114,roman.kozlov055@list.ru
Илья,+79651406505,ilya.zaitsev056@inbox.ru
Алексей,+79661413896,alexey.sergeev057@rambler.ru
Глеб,+79671421287,gleb.kiselev058@lenta.ru
Тимофей,+79681428678,timofey.vasiliev059@autorambler.ru
Матвей,+79691436069,matvey.alekseev060@ro.ru
Анна,+79701443460,anna.nikolaev061@yandex.ru
Маша,+79711450851,maria.borisov062@ya.ru
Екатерина,+79721458242,ekaterina.frolov063@mail.ru
Дарья,+79731465633,daria.petrov064@bk.ru
Анастасия,+79741473024,anastasia.mikhailov065@list.ru
Полина,+79751480415,polina.semenov066@inbox.ru
Софья,+79761487806,sofia.andreev067@rambler.ru
Алина,+79771495197,alina.grigoriev068@lenta.ru
Вика,+79781502588,victoria.dmitriev069@autorambler.ru
Лиза,+79791509979,elizaveta.smirnov070@ro.ru
Ксения,+79801517370,ksenia.fedorov071@yandex.ru
Валерия,+79811524761,valeria.pavlov072@ya.ru
Юля,+79821532152,julia.zakharov073@mail.ru
Вероника,+79831539543,veronika.vorobiev074@bk.ru
Арина,+79841546934,arina.gusev075@list.ru
Елена,+79851554325,elena.popov076@inbox.ru
Ольга,+79861561716,olga.volkov077@rambler.ru
Татьяна,+79871569107,tatiana.stepanov078@lenta.ru
Наталья,+79881576498,natalia.soloviev079@autorambler.ru
Ирина,+79891583889,irina.kuzmin080@ro.ru
Александр,+79001591280,alexandr.ivanov081@yandex.ru
Саша,+79011598671,dmitry.sokolov082@ya.ru
Максим,+79021606062,maxim.lebedev083@mail.ru
Иван,+79031613453,ivan.orlov084@bk.ru
Артем,+79041620844,artem.yakovlev085@list.ru
Михаил,+79051628235,mikhail.alexandrov086@inbox.ru
Никита,+79061635626,nikita.sidorov087@rambler.ru
Егор,+79071643017,egor.novikov088@lenta.ru
Даниил,+79081650408,daniil.egorov089@autorambler.ru
Кирилл,+79091657799,kirill.makarov090@ro.ru
Андрей,+79101665190,andrey.romanov091@yandex.ru
Сергей,+79111672581,sergey.korolev092@ya.ru
Вова,+79121679972,vladimir.kuznetsov093@mail.ru
Павел,+79131687363,pavel.morozov094@bk.ru
Роман,+79141694754,roman.kozlov095@list.ru
Илья,+79151702145,ilya.zaitsev096@inbox.ru
Алексей,+79161709536,alexey.sergeev097@rambler.ru
Глеб,+79171716927,gleb.kiselev098@lenta.ru
Тимофей,+79181724318,timofey.vasiliev099@autorambler.ru
Матвей,+79191731709,matvey.alekseev100@ro.ru
